unix,date,symbol,open,high,low,close,Volume XRP,Volume USD
1577750400,12/31/2019 0:00,XRP/USD,0.19264,0.19364,0.18915,0.1925,17766452.38,3420042.083
1577664000,12/30/2019 0:00,XRP/USD,0.19582,0.19784,0.19129,0.19246,41423884.42,7972440.795
1577577600,12/29/2019 0:00,XRP/USD,0.19252,0.1982,0.1905,0.19635,21828701.79,4286065.597
1577491200,12/28/2019 0:00,XRP/USD,0.18967,0.19459,0.18944,0.19258,23561376.32,4537449.852
1577404800,12/27/2019 0:00,XRP/USD,0.18894,0.19031,0.18414,0.18976,42648967.8,8093068.13
1577318400,12/26/2019 0:00,XRP/USD,0.18817,0.19405,0.18701,0.1889,33883561.73,6400604.811
1577232000,12/25/2019 0:00,XRP/USD,0.19054,0.19176,0.18613,0.18821,16216501.03,3052107.659
1577145600,12/24/2019 0:00,XRP/USD,0.18945,0.19396,0.18723,0.19035,65059712.22,12384116.22
1577059200,12/23/2019 0:00,XRP/USD,0.19701,0.19886,0.18827,0.1896,23301595.84,4417982.571
1576972800,12/22/2019 0:00,XRP/USD,0.1913,0.19722,0.19048,0.197,24058402.92,4739505.374
1576886400,12/21/2019 0:00,XRP/USD,0.19506,0.19648,0.19003,0.19137,28243997.71,5405053.842
1576800000,12/20/2019 0:00,XRP/USD,0.18768,0.1981,0.18339,0.19487,57191101.53,11144829.95
1576713600,12/19/2019 0:00,XRP/USD,0.19638,0.19749,0.18436,0.18763,55076056.26,10333920.44
1576627200,12/18/2019 0:00,XRP/USD,0.18314,0.20101,0.17468,0.19578,80830683.81,15825031.28
1576540800,12/17/2019 0:00,XRP/USD,0.2053,0.2053,0.17826,0.18271,76292946.94,13939484.34
1576454400,12/16/2019 0:00,XRP/USD,0.21699,0.21736,0.202,0.20518,52382966.71,10747937.11
1576368000,12/15/2019 0:00,XRP/USD,0.21612,0.21927,0.21424,0.217,22718839.34,4929988.138
1576281600,12/14/2019 0:00,XRP/USD,0.22019,0.22087,0.21446,0.21606,25750712.5,5563698.942
1576195200,12/13/2019 0:00,XRP/USD,0.21839,0.22094,0.21463,0.22022,35285975.89,7770677.611
1576108800,12/12/2019 0:00,XRP/USD,0.22073,0.22286,0.2133,0.21824,38362328.1,8372194.485
1576022400,12/11/2019 0:00,XRP/USD,0.22229,0.22378,0.21969,0.22073,28911286.81,6381588.337
1575936000,12/10/2019 0:00,XRP/USD,0.22422,0.2253,0.21879,0.22229,34154814.43,7592273.699
1575849600,12/9/2019 0:00,XRP/USD,0.22934,0.23098,0.2209,0.22417,33474294.41,7503932.577
1575763200,12/8/2019 0:00,XRP/USD,0.22752,0.2327,0.22395,0.22928,26181284.42,6002844.892
1575676800,12/7/2019 0:00,XRP/USD,0.22565,0.22866,0.22309,0.22733,15721056.67,3573867.812
1575590400,12/6/2019 0:00,XRP/USD,0.2213,0.22741,0.219,0.22563,32478720.83,7328173.781
1575504000,12/5/2019 0:00,XRP/USD,0.21415,0.22667,0.21197,0.22148,39050721.63,8648953.826
1575417600,12/4/2019 0:00,XRP/USD,0.21945,0.22569,0.20946,0.21423,42727493.36,9153510.903
1575331200,12/3/2019 0:00,XRP/USD,0.21941,0.2225,0.21788,0.21941,28836492.25,6327014.764
1575244800,12/2/2019 0:00,XRP/USD,0.22531,0.22661,0.21736,0.21927,43335155.05,9502099.447
1575158400,12/1/2019 0:00,XRP/USD,0.22589,0.226,0.21877,0.22502,21495585.38,4836936.622
1575072000,11/30/2019 0:00,XRP/USD,0.23017,0.23234,0.22383,0.22572,25540583.08,5765020.414
1574985600,11/29/2019 0:00,XRP/USD,0.22289,0.2326,0.22286,0.23036,32389797.16,7461313.674
1574899200,11/28/2019 0:00,XRP/USD,0.22456,0.23,0.2225,0.22337,27859316.64,6222935.557
1574812800,11/27/2019 0:00,XRP/USD,0.22097,0.2301,0.21265,0.22437,61947814.23,13899231.08
1574726400,11/26/2019 0:00,XRP/USD,0.21779,0.22191,0.21366,0.22088,45113497.14,9964669.249
1574640000,11/25/2019 0:00,XRP/USD,0.22025,0.2255,0.20041,0.21744,93062811.16,20235577.66
1574553600,11/24/2019 0:00,XRP/USD,0.23439,0.2351,0.21867,0.2207,41371127.49,9130607.837
1574467200,11/23/2019 0:00,XRP/USD,0.23047,0.2357,0.22595,0.23426,45713155.77,10708763.87
1574380800,11/22/2019 0:00,XRP/USD,0.24297,0.24565,0.22201,0.23037,59097670.66,13614330.39
1574294400,11/21/2019 0:00,XRP/USD,0.24989,0.253,0.235,0.24297,36876282.86,8959830.446
1574208000,11/20/2019 0:00,XRP/USD,0.25368,0.25843,0.24767,0.24987,27478211.94,6865980.818
1574121600,11/19/2019 0:00,XRP/USD,0.25114,0.25624,0.24253,0.25367,33344867.32,8458592.492
1574035200,11/18/2019 0:00,XRP/USD,0.26314,0.26324,0.23981,0.25159,33455297.43,8417018.281
1573948800,11/17/2019 0:00,XRP/USD,0.26194,0.26624,0.25905,0.26314,21511661.37,5660578.572
1573862400,11/16/2019 0:00,XRP/USD,0.26019,0.26428,0.25895,0.26193,19835139.14,5195417.994
1573776000,11/15/2019 0:00,XRP/USD,0.26745,0.26909,0.25166,0.26013,32523962.84,8460458.452
1573689600,11/14/2019 0:00,XRP/USD,0.27146,0.27228,0.26301,0.26754,30483110.31,8155451.332
1573603200,11/13/2019 0:00,XRP/USD,0.27231,0.27547,0.26999,0.27147,24752801.19,6719642.939
1573516800,11/12/2019 0:00,XRP/USD,0.27401,0.27604,0.26669,0.272,28730342.13,7814653.059
1573430400,11/11/2019 0:00,XRP/USD,0.27886,0.28077,0.26901,0.27397,25932007.63,7104592.131
1573344000,11/10/2019 0:00,XRP/USD,0.28003,0.28434,0.27651,0.27905,30375452.6,8476270.048
1573257600,11/9/2019 0:00,XRP/USD,0.2752,0.28122,0.27419,0.27973,20018415.64,5599751.406
1573171200,11/8/2019 0:00,XRP/USD,0.29035,0.2905,0.2703,0.27502,63284155.36,17404408.41
1573084800,11/7/2019 0:00,XRP/USD,0.31044,0.31503,0.274,0.29009,47357038.81,13737803.39
1572998400,11/6/2019 0:00,XRP/USD,0.30105,0.31306,0.29727,0.31037,28818294.38,8944334.027
1572912000,11/5/2019 0:00,XRP/USD,0.29966,0.305,0.29524,0.3011,34242940.46,10310549.37
1572825600,11/4/2019 0:00,XRP/USD,0.29061,0.30055,0.28934,0.29906,24682208.61,7381461.307
1572739200,11/3/2019 0:00,XRP/USD,0.29585,0.29624,0.28868,0.29033,20043367.61,5819190.918
1572652800,11/2/2019 0:00,XRP/USD,0.2929,0.29822,0.2918,0.29454,21399407.35,6302981.44
1572566400,11/1/2019 0:00,XRP/USD,0.29506,0.2952,0.28486,0.29203,23220391.04,6781050.795
1572480000,10/31/2019 0:00,XRP/USD,0.29548,0.2989,0.2885,0.29464,28069231.78,8270318.453
1572393600,10/30/2019 0:00,XRP/USD,0.30243,0.30651,0.29045,0.295,35278259.12,10407086.44
1572307200,10/29/2019 0:00,XRP/USD,0.29523,0.30986,0.29454,0.30243,30903749.98,9346221.108
1572220800,10/28/2019 0:00,XRP/USD,0.29937,0.30549,0.29398,0.29485,37405992.16,11029156.79
1572134400,10/27/2019 0:00,XRP/USD,0.29496,0.30302,0.29027,0.29924,37238169.46,11143149.83
1572048000,10/26/2019 0:00,XRP/USD,0.29864,0.31491,0.284,0.29496,72474244.52,21377003.16
1571961600,10/25/2019 0:00,XRP/USD,0.27663,0.30837,0.27427,0.29849,56184027.67,16770370.42
1571875200,10/24/2019 0:00,XRP/USD,0.27293,0.28073,0.26678,0.2765,30750669.07,8502559.999
1571788800,10/23/2019 0:00,XRP/USD,0.2904,0.29142,0.24715,0.27362,65149152.8,17826111.19
1571702400,10/22/2019 0:00,XRP/USD,0.29229,0.30301,0.2889,0.29065,34705949.57,10087284.24
1571616000,10/21/2019 0:00,XRP/USD,0.29428,0.2944,0.28861,0.29274,22991889.99,6730645.876
1571529600,10/20/2019 0:00,XRP/USD,0.29208,0.2968,0.28116,0.29456,39009053.99,11490506.94
1571443200,10/19/2019 0:00,XRP/USD,0.29424,0.2997,0.28715,0.29167,30111748.9,8782693.801
1571356800,10/18/2019 0:00,XRP/USD,0.3021,0.30233,0.28446,0.29406,32016680.46,9414825.055
1571270400,10/17/2019 0:00,XRP/USD,0.28357,0.30368,0.28,0.30182,37749657.81,11393601.72
1571184000,10/16/2019 0:00,XRP/USD,0.2883,0.292,0.27845,0.28368,33415446.53,9479293.871
1571097600,10/15/2019 0:00,XRP/USD,0.29786,0.29933,0.28278,0.28828,34157218.75,9846843.021
1571011200,10/14/2019 0:00,XRP/USD,0.27762,0.29815,0.27675,0.29751,35534364.56,10571828.8
1570924800,10/13/2019 0:00,XRP/USD,0.27213,0.28205,0.2716,0.27766,19761299.98,5486922.553
1570838400,10/12/2019 0:00,XRP/USD,0.26773,0.27711,0.26773,0.2728,18299239.79,4992032.615
1570752000,10/11/2019 0:00,XRP/USD,0.2712,0.276,0.26496,0.26769,25459499.88,6815253.523
1570665600,10/10/2019 0:00,XRP/USD,0.28195,0.28254,0.26559,0.27093,31456856.86,8522606.229
1570579200,10/9/2019 0:00,XRP/USD,0.27765,0.28778,0.27364,0.2816,37404745.29,10533176.27
1570492800,10/8/2019 0:00,XRP/USD,0.27641,0.2861,0.27109,0.27773,29866483.28,8294818.401
1570406400,10/7/2019 0:00,XRP/USD,0.25574,0.28154,0.25341,0.2764,56390553.74,15586349.05
1570320000,10/6/2019 0:00,XRP/USD,0.25389,0.25663,0.251,0.25473,26623054.06,6781690.56
1570233600,10/5/2019 0:00,XRP/USD,0.25258,0.25667,0.24705,0.25382,23127726.44,5870279.526
1570147200,10/4/2019 0:00,XRP/USD,0.24747,0.25687,0.24428,0.25307,31448257.88,7958610.622
1570060800,10/3/2019 0:00,XRP/USD,0.2534,0.25383,0.24197,0.24684,28859100.2,7123580.294
1569974400,10/2/2019 0:00,XRP/USD,0.24837,0.255,0.24465,0.25319,55174975.33,13969752
1569888000,10/1/2019 0:00,XRP/USD,0.25726,0.26112,0.24491,0.24837,49260849.75,12234917.25
1569801600,9/30/2019 0:00,XRP/USD,0.24057,0.26181,0.2353,0.257,50193063.39,12899617.29
1569715200,9/29/2019 0:00,XRP/USD,0.24228,0.24257,0.23458,0.24045,22065148.48,5305564.952
1569628800,9/28/2019 0:00,XRP/USD,0.243,0.245,0.2383,0.24216,22400203.8,5424433.353
1569542400,9/27/2019 0:00,XRP/USD,0.24228,0.24774,0.233,0.24281,47167616.46,11452768.95
1569456000,9/26/2019 0:00,XRP/USD,0.2458,0.24968,0.22831,0.24204,59767683.74,14466170.17
1569369600,9/25/2019 0:00,XRP/USD,0.23345,0.24984,0.2317,0.24625,59262505.05,14593391.87
1569283200,9/24/2019 0:00,XRP/USD,0.2674,0.27282,0.22,0.23365,109174566.8,25508637.53
1569196800,9/23/2019 0:00,XRP/USD,0.27619,0.28638,0.26587,0.2677,48098210.02,12875890.82
1569110400,9/22/2019 0:00,XRP/USD,0.28915,0.2893,0.26767,0.2764,42299092.6,11691469.19
1569024000,9/21/2019 0:00,XRP/USD,0.2939,0.29764,0.2862,0.28915,44630648.67,12904952.06
1568937600,9/20/2019 0:00,XRP/USD,0.30145,0.30225,0.28217,0.29359,44131034.55,12956430.43
1568851200,9/19/2019 0:00,XRP/USD,0.31326,0.31326,0.28198,0.30118,58178680.26,17522254.92
1568764800,9/18/2019 0:00,XRP/USD,0.28528,0.32668,0.28528,0.3135,58813802.24,18438127
1568678400,9/17/2019 0:00,XRP/USD,0.26107,0.299,0.25975,0.28558,60564306.1,17295954.54
1568592000,9/16/2019 0:00,XRP/USD,0.26021,0.26368,0.25663,0.26106,19232590.54,5020860.085
1568505600,9/15/2019 0:00,XRP/USD,0.26172,0.26456,0.25876,0.2604,10381590.98,2703366.29
1568419200,9/14/2019 0:00,XRP/USD,0.2559,0.2659,0.25417,0.2622,22387988.58,5870130.606
1568332800,9/13/2019 0:00,XRP/USD,0.25402,0.25666,0.25213,0.25588,23789788.38,6087331.05
1568246400,9/12/2019 0:00,XRP/USD,0.25537,0.25669,0.25047,0.2539,21151093,5370262.513
1568160000,9/11/2019 0:00,XRP/USD,0.25815,0.26114,0.25062,0.25502,16426125.2,4188990.448
1568073600,9/10/2019 0:00,XRP/USD,0.25846,0.2638,0.25298,0.25833,17248812.01,4455885.606
1567987200,9/9/2019 0:00,XRP/USD,0.26228,0.26483,0.25614,0.2586,16738347.22,4328536.592
1567900800,9/8/2019 0:00,XRP/USD,0.26024,0.2662,0.25611,0.2624,19504961.68,5118101.945
1567814400,9/7/2019 0:00,XRP/USD,0.25172,0.26351,0.25015,0.26018,21006831.51,5465557.421
1567728000,9/6/2019 0:00,XRP/USD,0.2563,0.25929,0.24706,0.25167,25991462.74,6541271.429
1567641600,9/5/2019 0:00,XRP/USD,0.2585,0.25931,0.25376,0.2565,17676134.58,4533928.52
1567555200,9/4/2019 0:00,XRP/USD,0.26221,0.26398,0.25636,0.25868,24983365.7,6462697.04
1567468800,9/3/2019 0:00,XRP/USD,0.26165,0.26711,0.258,0.26322,18630530.6,4903928.264
1567382400,9/2/2019 0:00,XRP/USD,0.25681,0.26532,0.25318,0.2615,20534405.89,5369747.141
1567296000,9/1/2019 0:00,XRP/USD,0.25793,0.25898,0.25047,0.25635,13069765.83,3350434.47
1567209600,8/31/2019 0:00,XRP/USD,0.25478,0.26058,0.25268,0.25827,11827329.25,3054644.324
1567123200,8/30/2019 0:00,XRP/USD,0.25654,0.25726,0.25216,0.25466,18201279.35,4635137.798
1567036800,8/29/2019 0:00,XRP/USD,0.25555,0.26227,0.24695,0.25696,32021276.76,8228187.275
1566950400,8/28/2019 0:00,XRP/USD,0.26893,0.26933,0.24559,0.25595,31502406.03,8063040.822
1566864000,8/27/2019 0:00,XRP/USD,0.27007,0.27011,0.26454,0.26929,13838294.81,3726514.41
1566777600,8/26/2019 0:00,XRP/USD,0.26983,0.2805,0.2665,0.27007,22434869.76,6058985.276
1566691200,8/25/2019 0:00,XRP/USD,0.27175,0.2765,0.266,0.2695,20328330.11,5478484.965
1566604800,8/24/2019 0:00,XRP/USD,0.2773,0.27765,0.2641,0.27196,18767883.82,5104113.684
1566518400,8/23/2019 0:00,XRP/USD,0.27059,0.27873,0.26768,0.2776,19891722.59,5521942.192
1566432000,8/22/2019 0:00,XRP/USD,0.2662,0.275,0.26014,0.27096,29943042.18,8113366.71
1566345600,8/21/2019 0:00,XRP/USD,0.2745,0.2745,0.25782,0.26576,22671120.89,6025077.088
1566259200,8/20/2019 0:00,XRP/USD,0.2826,0.28278,0.26903,0.27383,20163383.17,5521339.215
1566172800,8/19/2019 0:00,XRP/USD,0.28315,0.29097,0.27535,0.28215,26087373.31,7360552.379
1566086400,8/18/2019 0:00,XRP/USD,0.26589,0.29227,0.26317,0.28307,27101221.22,7671542.689
1566000000,8/17/2019 0:00,XRP/USD,0.26122,0.26979,0.25809,0.2656,16219652.36,4307939.666
1565913600,8/16/2019 0:00,XRP/USD,0.26341,0.26496,0.25421,0.26084,21882869.92,5707927.791
1565827200,8/15/2019 0:00,XRP/USD,0.2624,0.26845,0.225,0.26361,35814701.79,9441113.54
1565740800,8/14/2019 0:00,XRP/USD,0.29675,0.29755,0.24284,0.26249,55467762.47,14559732.97
1565654400,8/13/2019 0:00,XRP/USD,0.30031,0.30103,0.29156,0.29729,12138472.26,3608646.417
1565568000,8/12/2019 0:00,XRP/USD,0.30275,0.30564,0.29764,0.30006,8016470.54,2405422.15
1565481600,8/11/2019 0:00,XRP/USD,0.29868,0.30595,0.2947,0.303,8262795.073,2503626.907
1565395200,8/10/2019 0:00,XRP/USD,0.29625,0.30555,0.28154,0.29814,15859662.19,4728399.686
1565308800,8/9/2019 0:00,XRP/USD,0.30832,0.30854,0.28922,0.29557,22220461.67,6567701.856
1565222400,8/8/2019 0:00,XRP/USD,0.31088,0.31158,0.30357,0.30761,18534246.77,5701319.65
1565136000,8/7/2019 0:00,XRP/USD,0.311,0.3161,0.30682,0.3106,16088695.98,4997148.972
1565049600,8/6/2019 0:00,XRP/USD,0.32159,0.32553,0.3075,0.31082,19173895.98,5959630.349
1564963200,8/5/2019 0:00,XRP/USD,0.31933,0.33182,0.31902,0.32101,23631269.8,7585873.919
1564876800,8/4/2019 0:00,XRP/USD,0.31619,0.3237,0.31199,0.31887,10655136.02,3397603.224
1564790400,8/3/2019 0:00,XRP/USD,0.31152,0.31809,0.31114,0.31582,9582727.151,3026416.889
1564704000,8/2/2019 0:00,XRP/USD,0.31669,0.318,0.30844,0.31144,13122730.1,4086943.063
1564617600,8/1/2019 0:00,XRP/USD,0.31982,0.32,0.31133,0.3161,13264405.87,4192878.695
1564531200,7/31/2019 0:00,XRP/USD,0.31827,0.32371,0.31511,0.31943,13125012.29,4192522.675
1564444800,7/30/2019 0:00,XRP/USD,0.30921,0.3217,0.30628,0.31813,13251341.51,4215649.275
1564358400,7/29/2019 0:00,XRP/USD,0.3117,0.31407,0.30503,0.30917,12260510.15,3790581.924
1564272000,7/28/2019 0:00,XRP/USD,0.30872,0.31482,0.29885,0.31163,18165644.37,5660959.756
1564185600,7/27/2019 0:00,XRP/USD,0.32388,0.32855,0.30507,0.30901,21984428.94,6793408.386
1564099200,7/26/2019 0:00,XRP/USD,0.31296,0.32555,0.30722,0.32359,25630480.42,8293767.16
1564012800,7/25/2019 0:00,XRP/USD,0.31532,0.32367,0.31118,0.31253,20045022.28,6264670.813
1563926400,7/24/2019 0:00,XRP/USD,0.30872,0.31831,0.30258,0.31547,24904663.48,7856674.188
1563840000,7/23/2019 0:00,XRP/USD,0.32026,0.32084,0.30565,0.30785,21290388.1,6554245.978
1563753600,7/22/2019 0:00,XRP/USD,0.3307,0.33301,0.31544,0.32058,25637078.01,8218734.469
1563667200,7/21/2019 0:00,XRP/USD,0.33293,0.33584,0.3211,0.3304,18726260.89,6187156.597
1563580800,7/20/2019 0:00,XRP/USD,0.31936,0.34229,0.31897,0.33287,19942934.42,6638404.58
1563494400,7/19/2019 0:00,XRP/USD,0.32077,0.32303,0.3101,0.31938,23665144.53,7558173.86
1563408000,7/18/2019 0:00,XRP/USD,0.3111,0.327,0.3035,0.32076,35400704.8,11355130.07
1563321600,7/17/2019 0:00,XRP/USD,0.29519,0.325,0.29296,0.3107,40198062.81,12489538.12
1563235200,7/16/2019 0:00,XRP/USD,0.3134,0.3196,0.28401,0.29491,42181806.54,12439836.57
1563148800,7/15/2019 0:00,XRP/USD,0.30373,0.3236,0.295,0.31259,32838766.99,10265070.17
1563062400,7/14/2019 0:00,XRP/USD,0.33203,0.33501,0.3,0.30395,25960800.97,7890785.455
1562976000,7/13/2019 0:00,XRP/USD,0.34412,0.34519,0.324,0.33175,21136402.23,7012001.439
1562889600,7/12/2019 0:00,XRP/USD,0.32876,0.35077,0.31969,0.34422,27918421.89,9610079.183
1562803200,7/11/2019 0:00,XRP/USD,0.36122,0.36279,0.31801,0.32841,42352117.15,13908858.79
1562716800,7/10/2019 0:00,XRP/USD,0.39403,0.39728,0.3458,0.36032,51236894.08,18461677.68
1562630400,7/9/2019 0:00,XRP/USD,0.40214,0.40831,0.38976,0.39342,20896383.18,8221055.07
1562544000,7/8/2019 0:00,XRP/USD,0.39773,0.4049,0.39333,0.40214,14319637.45,5758499.005
1562457600,7/7/2019 0:00,XRP/USD,0.38993,0.40062,0.3865,0.39808,17969274.82,7153208.921
1562371200,7/6/2019 0:00,XRP/USD,0.37926,0.41115,0.37918,0.38888,25780423.04,10025490.91
1562284800,7/5/2019 0:00,XRP/USD,0.38666,0.38795,0.37364,0.37915,22393132.04,8490356.011
1562198400,7/4/2019 0:00,XRP/USD,0.40535,0.406,0.38491,0.38701,21768773.29,8424732.95
1562112000,7/3/2019 0:00,XRP/USD,0.39832,0.40701,0.3949,0.40512,27547237.18,11159936.73
1562025600,7/2/2019 0:00,XRP/USD,0.40548,0.409,0.38103,0.39749,33066276,13143514.05
1561939200,7/1/2019 0:00,XRP/USD,0.393,0.42,0.37704,0.40452,30568224.48,12365458.17
1561852800,6/30/2019 0:00,XRP/USD,0.42395,0.42732,0.39062,0.39248,33928102.52,13316101.68
1561766400,6/29/2019 0:00,XRP/USD,0.42355,0.42769,0.39978,0.42498,38400239.92,16319333.96
1561680000,6/28/2019 0:00,XRP/USD,0.4036,0.42454,0.39607,0.42368,40803151.96,17287479.42
1561593600,6/27/2019 0:00,XRP/USD,0.46184,0.46766,0.388,0.40361,79038071.73,31900556.13
1561507200,6/26/2019 0:00,XRP/USD,0.46543,0.49437,0.44581,0.46164,83554949.21,38572306.75
1561420800,6/25/2019 0:00,XRP/USD,0.47203,0.47555,0.45484,0.46522,32420071.92,15082465.86
1561334400,6/24/2019 0:00,XRP/USD,0.46674,0.475,0.4455,0.47215,36906523.84,17425415.23
1561248000,6/23/2019 0:00,XRP/USD,0.47339,0.48898,0.4618,0.46823,27416310.19,12837138.92
1561161600,6/22/2019 0:00,XRP/USD,0.44616,0.505,0.44266,0.47442,70077962.03,33246386.75
1561075200,6/21/2019 0:00,XRP/USD,0.43018,0.45,0.42977,0.44576,31449223.85,14018806.02
1560988800,6/20/2019 0:00,XRP/USD,0.43454,0.4361,0.4207,0.42948,30082523.96,12919842.39
1560902400,6/19/2019 0:00,XRP/USD,0.42655,0.43844,0.42394,0.43492,16546748.14,7196511.699
1560816000,6/18/2019 0:00,XRP/USD,0.44849,0.45569,0.41742,0.42655,26897159.17,11472983.24
1560729600,6/17/2019 0:00,XRP/USD,0.42765,0.46268,0.42544,0.44801,37360975.56,16738090.66
1560643200,6/16/2019 0:00,XRP/USD,0.41092,0.442,0.40801,0.42767,42381656.76,18125363.15
1560556800,6/15/2019 0:00,XRP/USD,0.40432,0.41385,0.40204,0.41059,24548686.39,10079445.15
1560470400,6/14/2019 0:00,XRP/USD,0.39921,0.40527,0.39101,0.40404,20668845.29,8351040.253
1560384000,6/13/2019 0:00,XRP/USD,0.40285,0.41,0.39628,0.39994,20808049.33,8321971.249
1560297600,6/12/2019 0:00,XRP/USD,0.39311,0.40442,0.38865,0.40284,17479117.41,7041287.659
1560211200,6/11/2019 0:00,XRP/USD,0.40118,0.404,0.38301,0.39319,16111240.32,6334778.581
1560124800,6/10/2019 0:00,XRP/USD,0.38581,0.4053,0.38002,0.40213,20102999.23,8084019.079
1560038400,6/9/2019 0:00,XRP/USD,0.4093,0.41188,0.371,0.38582,22458754,8665036.468
1559952000,6/8/2019 0:00,XRP/USD,0.42001,0.42331,0.40335,0.40827,11847548.51,4836998.629
1559865600,6/7/2019 0:00,XRP/USD,0.42,0.43196,0.41515,0.42015,25516447.52,10720735.42
1559779200,6/6/2019 0:00,XRP/USD,0.40047,0.42701,0.39104,0.41937,37747526.89,15830180.35
1559692800,6/5/2019 0:00,XRP/USD,0.39776,0.40591,0.38769,0.40047,20649203.03,8269386.337
1559606400,6/4/2019 0:00,XRP/USD,0.41617,0.41848,0.38297,0.39719,47057633.65,18690821.51
1559520000,6/3/2019 0:00,XRP/USD,0.4446,0.4644,0.41617,0.41617,39580132.98,16472063.94
1559433600,6/2/2019 0:00,XRP/USD,0.42937,0.4471,0.42782,0.44439,17112456.32,7604604.466
1559347200,6/1/2019 0:00,XRP/USD,0.4379,0.44067,0.41808,0.42907,24684089.1,10591202.11
1559260800,5/31/2019 0:00,XRP/USD,0.41804,0.44045,0.40692,0.43731,34803318.6,15219839.26
1559174400,5/30/2019 0:00,XRP/USD,0.44377,0.474,0.404,0.418,82081784.46,34310185.9
1559088000,5/29/2019 0:00,XRP/USD,0.44833,0.45738,0.42003,0.44449,39046235.89,17355661.39
1559001600,5/28/2019 0:00,XRP/USD,0.43353,0.4599,0.41903,0.44887,49438912.27,22191644.55
1558915200,5/27/2019 0:00,XRP/USD,0.40953,0.44658,0.40601,0.43394,44687175.68,19391553.01
1558828800,5/26/2019 0:00,XRP/USD,0.38706,0.41699,0.375,0.40922,24265473.78,9929917.182
1558742400,5/25/2019 0:00,XRP/USD,0.38369,0.39705,0.381,0.38674,17452486.87,6749574.772
1558656000,5/24/2019 0:00,XRP/USD,0.38043,0.39627,0.37117,0.38383,23757769.28,9118944.581
1558569600,5/23/2019 0:00,XRP/USD,0.3713,0.38499,0.362,0.38035,25496949.13,9697764.603
1558483200,5/22/2019 0:00,XRP/USD,0.397,0.41327,0.36592,0.37098,37616186.39,13954852.83
1558396800,5/21/2019 0:00,XRP/USD,0.39988,0.40944,0.38799,0.39667,31181884.44,12368918.1
1558310400,5/20/2019 0:00,XRP/USD,0.4183,0.41881,0.37941,0.399,37160594.13,14827077.06
1558224000,5/19/2019 0:00,XRP/USD,0.3709,0.42998,0.37001,0.41845,37289712.49,15603880.19
1558137600,5/18/2019 0:00,XRP/USD,0.3895,0.39625,0.363,0.37091,21956424.45,8143857.394
1558051200,5/17/2019 0:00,XRP/USD,0.41883,0.42401,0.3566,0.38869,74664442.08,29021321.99
1557964800,5/16/2019 0:00,XRP/USD,0.45765,0.47919,0.39,0.42,96987890.46,40734913.99
1557878400,5/15/2019 0:00,XRP/USD,0.40731,0.4695,0.40731,0.45765,88607598.09,40551267.27
1557792000,5/14/2019 0:00,XRP/USD,0.32353,0.425,0.323,0.40731,154612097.5,62975053.43
1557705600,5/13/2019 0:00,XRP/USD,0.31014,0.334,0.308,0.32355,38628246.62,12498169.19
1557619200,5/12/2019 0:00,XRP/USD,0.32268,0.33179,0.30005,0.31022,25679294.5,7966230.74
1557532800,5/11/2019 0:00,XRP/USD,0.29776,0.34118,0.29676,0.32222,52265242.28,16840906.37
1557446400,5/10/2019 0:00,XRP/USD,0.29313,0.3015,0.29,0.29718,12388232.71,3681534.998
1557360000,5/9/2019 0:00,XRP/USD,0.2972,0.29979,0.29002,0.29312,12957664.54,3798150.631
1557273600,5/8/2019 0:00,XRP/USD,0.29326,0.299,0.291,0.29685,11748579.12,3487565.711
1557187200,5/7/2019 0:00,XRP/USD,0.30009,0.30385,0.2924,0.29384,16700853.34,4907378.746
1557100800,5/6/2019 0:00,XRP/USD,0.29724,0.30524,0.2913,0.29949,12531287.04,3752995.155
1557014400,5/5/2019 0:00,XRP/USD,0.2994,0.30075,0.295,0.29674,7118225.599,2112262.264
1556928000,5/4/2019 0:00,XRP/USD,0.30189,0.3123,0.29455,0.29952,12012365.24,3597943.637
1556841600,5/3/2019 0:00,XRP/USD,0.29585,0.308,0.29492,0.30192,19753007.77,5963828.105
1556755200,5/2/2019 0:00,XRP/USD,0.3,0.30136,0.295,0.29583,8327358.971,2463482.604
1556668800,5/1/2019 0:00,XRP/USD,0.30543,0.30794,0.2965,0.29878,8596669.821,2568513.009
1556582400,4/30/2019 0:00,XRP/USD,0.28756,0.31,0.28747,0.30495,17277640.11,5268816.35
1556496000,4/29/2019 0:00,XRP/USD,0.29006,0.29275,0.28272,0.28834,9548557.537,2753231.08
1556409600,4/28/2019 0:00,XRP/USD,0.29209,0.29557,0.28695,0.29019,6531200.12,1895288.963
1556323200,4/27/2019 0:00,XRP/USD,0.29384,0.29596,0.28727,0.2919,12914133.98,3769635.708
1556236800,4/26/2019 0:00,XRP/USD,0.286,0.29501,0.28261,0.2938,19324339.35,5677490.9
1556150400,4/25/2019 0:00,XRP/USD,0.30094,0.3072,0.27946,0.28654,34496097.74,9884511.845
1556064000,4/24/2019 0:00,XRP/USD,0.3204,0.32194,0.291,0.30098,39399052.05,11858326.69
1555977600,4/23/2019 0:00,XRP/USD,0.32381,0.3288,0.32001,0.32025,17260523.17,5527682.546
1555891200,4/22/2019 0:00,XRP/USD,0.32181,0.33201,0.31879,0.32361,13935407.64,4509637.265
1555804800,4/21/2019 0:00,XRP/USD,0.32799,0.32978,0.31663,0.32181,12373381.56,3981877.92
1555718400,4/20/2019 0:00,XRP/USD,0.33179,0.33409,0.32109,0.32799,11808044.6,3872920.548
1555632000,4/19/2019 0:00,XRP/USD,0.33613,0.3362,0.32702,0.33167,13973789.74,4634686.842
1555545600,4/18/2019 0:00,XRP/USD,0.33538,0.34835,0.33341,0.33597,17347954.82,5828392.382
1555459200,4/17/2019 0:00,XRP/USD,0.32555,0.342,0.32041,0.33585,20316707.88,6823366.342
1555372800,4/16/2019 0:00,XRP/USD,0.3185,0.327,0.316,0.32542,15325967.05,4987376.196
1555286400,4/15/2019 0:00,XRP/USD,0.32957,0.3327,0.31311,0.31854,21166961.74,6742523.992
1555200000,4/14/2019 0:00,XRP/USD,0.32533,0.33106,0.32153,0.32976,16214152.07,5346778.787
1555113600,4/13/2019 0:00,XRP/USD,0.3247,0.3374,0.32208,0.32534,14947752.56,4863101.819
1555027200,4/12/2019 0:00,XRP/USD,0.32859,0.33002,0.3175,0.32459,21319282.91,6920026.039
1554940800,4/11/2019 0:00,XRP/USD,0.35448,0.3545,0.32164,0.32844,27190078.81,8930309.483
1554854400,4/10/2019 0:00,XRP/USD,0.34968,0.36178,0.3485,0.35433,23249762.91,8238088.492
1554768000,4/9/2019 0:00,XRP/USD,0.35812,0.35891,0.34801,0.34968,22315564.97,7803306.759
1554681600,4/8/2019 0:00,XRP/USD,0.3627,0.37051,0.34771,0.3578,33362990.63,11937278.05
1554595200,4/7/2019 0:00,XRP/USD,0.35247,0.365,0.34989,0.3627,35182119.85,12760554.87
1554508800,4/6/2019 0:00,XRP/USD,0.36307,0.36316,0.3471,0.35242,30446134.8,10729826.83
1554422400,4/5/2019 0:00,XRP/USD,0.33035,0.37835,0.33,0.36323,63035893.78,22896527.7
1554336000,4/4/2019 0:00,XRP/USD,0.34238,0.34967,0.3255,0.33002,41647176.05,13744401.04
1554249600,4/3/2019 0:00,XRP/USD,0.35365,0.37601,0.327,0.34238,62798521.01,21500957.62
1554163200,4/2/2019 0:00,XRP/USD,0.31126,0.35996,0.31,0.35406,52101737.96,18447141.34
1554076800,4/1/2019 0:00,XRP/USD,0.30801,0.31319,0.30651,0.31127,14520456.87,4519782.61
1553990400,3/31/2019 0:00,XRP/USD,0.31005,0.31067,0.30628,0.30851,7402373.013,2283706.098
1553904000,3/30/2019 0:00,XRP/USD,0.30702,0.31802,0.30616,0.30978,12256426.6,3796795.831
1553817600,3/29/2019 0:00,XRP/USD,0.30453,0.30907,0.30335,0.30714,14085526.79,4326228.697
1553731200,3/28/2019 0:00,XRP/USD,0.30847,0.309,0.30291,0.3047,9141143.487,2785306.421
1553644800,3/27/2019 0:00,XRP/USD,0.30101,0.3099,0.29786,0.3085,11335295.08,3496938.532
1553558400,3/26/2019 0:00,XRP/USD,0.30082,0.30138,0.275,0.301,16840061.04,5068858.373
1553472000,3/25/2019 0:00,XRP/USD,0.30585,0.3062,0.298,0.30066,12865864.39,3868250.788
1553385600,3/24/2019 0:00,XRP/USD,0.30942,0.30995,0.30261,0.306,6443597.583,1971740.86
1553299200,3/23/2019 0:00,XRP/USD,0.30943,0.3115,0.30754,0.30943,6869801.641,2125722.722
1553212800,3/22/2019 0:00,XRP/USD,0.30882,0.31167,0.3057,0.30944,10751540.02,3326956.544
1553126400,3/21/2019 0:00,XRP/USD,0.31649,0.318,0.30179,0.30874,14423927.41,4453243.35
1553040000,3/20/2019 0:00,XRP/USD,0.31438,0.32006,0.3097,0.31617,12129052.82,3834842.631
1552953600,3/19/2019 0:00,XRP/USD,0.31293,0.315,0.30929,0.31438,8833269.115,2777003.144
1552867200,3/18/2019 0:00,XRP/USD,0.31382,0.318,0.3089,0.31293,9990295.345,3126263.122
1552780800,3/17/2019 0:00,XRP/USD,0.3171,0.31769,0.3128,0.3136,5986576.092,1877390.262
1552694400,3/16/2019 0:00,XRP/USD,0.31252,0.3206,0.31251,0.31734,9534796.958,3025772.467
1552608000,3/15/2019 0:00,XRP/USD,0.30925,0.3147,0.308,0.31315,9016979.619,2823667.168
1552521600,3/14/2019 0:00,XRP/USD,0.31179,0.31448,0.30333,0.30908,9590204.033,2964140.263
1552435200,3/13/2019 0:00,XRP/USD,0.30816,0.32392,0.30567,0.31175,13844111.92,4315901.891
1552348800,3/12/2019 0:00,XRP/USD,0.30858,0.30989,0.303,0.30816,17406392.58,5363953.938
1552262400,3/11/2019 0:00,XRP/USD,0.31097,0.3123,0.30544,0.30837,12435027.9,3834589.554
1552176000,3/10/2019 0:00,XRP/USD,0.31172,0.3156,0.3059,0.31093,8246223.395,2563998.24
1552089600,3/9/2019 0:00,XRP/USD,0.30594,0.31771,0.3051,0.31151,8382425.894,2611209.49
1552003200,3/8/2019 0:00,XRP/USD,0.31113,0.31438,0.302,0.30645,13803007.21,4229931.56
1551916800,3/7/2019 0:00,XRP/USD,0.31462,0.3178,0.31079,0.3112,12074426.57,3757561.549
1551830400,3/6/2019 0:00,XRP/USD,0.31363,0.3195,0.30814,0.31471,14789474.96,4654395.664
1551744000,3/5/2019 0:00,XRP/USD,0.30074,0.31723,0.29973,0.31351,16337723.72,5122039.763
1551657600,3/4/2019 0:00,XRP/USD,0.3092,0.31085,0.297,0.30091,10183888.38,3064433.854
1551571200,3/3/2019 0:00,XRP/USD,0.31307,0.31427,0.307,0.30935,6202339.498,1918693.724
1551484800,3/2/2019 0:00,XRP/USD,0.31424,0.31635,0.30824,0.31351,12324202.27,3863760.654
1551398400,3/1/2019 0:00,XRP/USD,0.31297,0.323,0.30925,0.31434,15348636.42,4824690.372
1551312000,2/28/2019 0:00,XRP/USD,0.30893,0.31582,0.305,0.31297,13285390.19,4157928.567
1551225600,2/27/2019 0:00,XRP/USD,0.31516,0.31726,0.298,0.30915,13965391.58,4317400.808
1551139200,2/26/2019 0:00,XRP/USD,0.32699,0.333,0.31053,0.31586,21837336.58,6897541.132
1551052800,2/25/2019 0:00,XRP/USD,0.29637,0.33917,0.29553,0.32696,30820194.81,10076970.89
1550966400,2/24/2019 0:00,XRP/USD,0.33118,0.34195,0.29377,0.29668,27122712.36,8046766.303
1550880000,2/23/2019 0:00,XRP/USD,0.31846,0.33327,0.31563,0.33134,11271037.44,3734545.545
1550793600,2/22/2019 0:00,XRP/USD,0.3173,0.32088,0.31148,0.31899,8597313.331,2742456.98
1550707200,2/21/2019 0:00,XRP/USD,0.3285,0.33,0.31361,0.31739,10772668.82,3419137.357
1550620800,2/20/2019 0:00,XRP/USD,0.32144,0.33182,0.31617,0.3285,16113001.88,5293121.119
1550534400,2/19/2019 0:00,XRP/USD,0.31878,0.3452,0.31752,0.32111,24698373.7,7930894.779
1550448000,2/18/2019 0:00,XRP/USD,0.29951,0.327,0.2984,0.31867,24121439.84,7686779.234
1550361600,2/17/2019 0:00,XRP/USD,0.29749,0.303,0.29282,0.2996,8949967.521,2681410.269
1550275200,2/16/2019 0:00,XRP/USD,0.29882,0.3005,0.29615,0.29737,5409308.421,1608566.045
1550188800,2/15/2019 0:00,XRP/USD,0.29768,0.3028,0.2952,0.2989,12155305.78,3633220.899
1550102400,2/14/2019 0:00,XRP/USD,0.30066,0.302,0.297,0.29768,9840110.636,2929204.134
1550016000,2/13/2019 0:00,XRP/USD,0.30124,0.30939,0.295,0.30041,11851892.04,3560426.889
1549929600,2/12/2019 0:00,XRP/USD,0.29885,0.30429,0.29406,0.30089,13368930.18,4022577.402
1549843200,2/11/2019 0:00,XRP/USD,0.30658,0.30768,0.29826,0.29885,11326300.28,3384864.839
1549756800,2/10/2019 0:00,XRP/USD,0.30846,0.30902,0.2962,0.30737,15436936.3,4744851.111
1549670400,2/9/2019 0:00,XRP/USD,0.30871,0.31263,0.30403,0.30852,9348227.583,2884115.174
1549584000,2/8/2019 0:00,XRP/USD,0.28772,0.31898,0.28636,0.30891,22928877.87,7082959.664
1549497600,2/7/2019 0:00,XRP/USD,0.28568,0.29057,0.28543,0.28806,9107273.053,2623441.076
1549411200,2/6/2019 0:00,XRP/USD,0.29637,0.297,0.285,0.28588,14193793.35,4057721.642
1549324800,2/5/2019 0:00,XRP/USD,0.29421,0.29928,0.2922,0.29607,6458866.374,1912276.567
1549238400,2/4/2019 0:00,XRP/USD,0.29817,0.30178,0.2935,0.29505,6435740.648,1898865.278
1549152000,2/3/2019 0:00,XRP/USD,0.30665,0.30889,0.29425,0.2986,8839762.504,2639553.084
1549065600,2/2/2019 0:00,XRP/USD,0.30317,0.3108,0.301,0.30709,12009175.8,3687897.798
1548979200,2/1/2019 0:00,XRP/USD,0.30739,0.30914,0.29306,0.30443,13568984.45,4130805.936
1548892800,1/31/2019 0:00,XRP/USD,0.31904,0.3334,0.30113,0.30739,17566373.42,5399727.526
1548806400,1/30/2019 0:00,XRP/USD,0.28572,0.3238,0.28272,0.31934,21292430.99,6799524.913
1548720000,1/29/2019 0:00,XRP/USD,0.29181,0.29404,0.28083,0.28607,10685654.79,3056845.267
1548633600,1/28/2019 0:00,XRP/USD,0.30495,0.30594,0.28015,0.29252,18895593.96,5527339.144
1548547200,1/27/2019 0:00,XRP/USD,0.3113,0.31286,0.30098,0.30494,5752104.096,1754046.623
1548460800,1/26/2019 0:00,XRP/USD,0.31365,0.31822,0.31072,0.3113,4885295.334,1520792.438
1548374400,1/25/2019 0:00,XRP/USD,0.3155,0.31708,0.31,0.31389,5394044.016,1693136.476
1548288000,1/24/2019 0:00,XRP/USD,0.31402,0.318,0.31,0.31516,5131400.588,1617212.209
1548201600,1/23/2019 0:00,XRP/USD,0.31793,0.31967,0.3123,0.31402,9724763.364,3053770.192
1548115200,1/22/2019 0:00,XRP/USD,0.31799,0.32065,0.3055,0.3181,11251473.24,3579093.637
1548028800,1/21/2019 0:00,XRP/USD,0.3171,0.32162,0.31349,0.31828,5344217.313,1700957.486
1547942400,1/20/2019 0:00,XRP/USD,0.32797,0.32991,0.31034,0.31744,7289613.27,2314014.836
1547856000,1/19/2019 0:00,XRP/USD,0.32195,0.33541,0.3195,0.32849,6388355.035,2098510.745
1547769600,1/18/2019 0:00,XRP/USD,0.3266,0.32748,0.315,0.32141,7352805.74,2363265.293
1547683200,1/17/2019 0:00,XRP/USD,0.32712,0.33012,0.321,0.32723,8332152.453,2726530.247
1547596800,1/16/2019 0:00,XRP/USD,0.32391,0.33426,0.32237,0.32724,10967857.46,3589121.674
1547510400,1/15/2019 0:00,XRP/USD,0.33145,0.3348,0.31919,0.3241,10218771.78,3311903.935
1547424000,1/14/2019 0:00,XRP/USD,0.31564,0.33898,0.3147,0.33176,15219744.48,5049302.429
1547337600,1/13/2019 0:00,XRP/USD,0.32792,0.33165,0.31121,0.31549,11330893.36,3574783.547
1547251200,1/12/2019 0:00,XRP/USD,0.32839,0.33223,0.3255,0.32831,6030418.193,1979846.597
1547164800,1/11/2019 0:00,XRP/USD,0.32786,0.33491,0.32288,0.32856,20007979.96,6573821.897
1547078400,1/10/2019 0:00,XRP/USD,0.3678,0.38239,0.32,0.32775,34891594.24,11435720.01
1546992000,1/9/2019 0:00,XRP/USD,0.3638,0.3721,0.36039,0.36829,17558437.4,6466596.909
1546905600,1/8/2019 0:00,XRP/USD,0.36192,0.37062,0.35683,0.36379,13391858.36,4871824.152
1546819200,1/7/2019 0:00,XRP/USD,0.36543,0.3767,0.35553,0.36236,15395581.14,5578742.781
1546732800,1/6/2019 0:00,XRP/USD,0.3495,0.36918,0.34701,0.36516,13388458.62,4888929.549
1546646400,1/5/2019 0:00,XRP/USD,0.35478,0.36201,0.3475,0.3495,8537175.717,2983742.913
1546560000,1/4/2019 0:00,XRP/USD,0.354,0.361,0.34624,0.35686,13278813.05,4738677.223
1546473600,1/3/2019 0:00,XRP/USD,0.37103,0.37208,0.3502,0.35414,12064878.75,4272656.162
1546387200,1/2/2019 0:00,XRP/USD,0.36351,0.37736,0.35504,0.371,10065374.49,3734253.937
1546300800,1/1/2019 0:00,XRP/USD,0.34827,0.36533,0.34394,0.364,9807545.135,3569946.429
